<?xml version="1.0" encoding="ISO-8859-1"?>
<?NLS TYPE="org.eclipse.help.contexts"?>

<!-- F1 InfoPops/Context help -->
<contexts>
   <!-- Editors -->
   <context id="flow_editor_context">
      <description>This editor lets you model and execute the data flow through the nodes.</description>
      <topic label="The Data Flow" href="guide_2_1_3.html"/>
      <topic label="Using the Workflow Editor" href="guide_2_2_3.html" />
      <topic label="Editors" href="../org.eclipse.platform.doc.user/concepts/concepts-6.htm"/>
   </context>

   <!-- Views -->
   <context id="repository_view_context">
      <description>This view displays the global repository of all nodes available to the workbench.</description>
      <topic label="The Node Repository" href="guide_2_2_2.html"/>
      <topic label="More about views" href="guide_2_2_4.html"/>
      <topic label="Views" href="../org.eclipse.platform.doc.user/concepts/concepts-5.htm"/>
   </context>  
   
</contexts>
